name,email,mobile,dot_accreditation,valid_until,status,languages,notes
Ivan Man Dy,fun@oldmanilawalks.com,09189626452,DOT-NCR-TGD-00558-2021,2027-06-30,CURRENT,"English;Filipino;Tagalog;Mandarin;Hokkien","Founder Old Manila Walks since 2005. MA Cultural Heritage UST. Intramuros/Binondo/Chinese Cemetery"
Alexandre Jel Avila,alex.avila6498@gmail.com,+639391112214,DOT-NCR-TGD-04294-2026,2028-06-30,CURRENT,"English;Filipino","Longest validity found"
Benjamin Cometa Jr,bac_fmei@yahoo.com,+639773731060,DOT-NCR-TGD-04207-2026,2028-06-30,CURRENT,"English;Filipino",
Anthonette Yabut,anthonettegyabut1016@gmail.com,+639053588907,DOT-NCR-TGD-00650-2021,2027-06-30,CURRENT,"English;Italian","ITALIAN speaker, rare"
Agustin Villanueva,aqv83059@gmail.com,+639063688350,DOT-NCR-TGD-04201-2026,2027-06-30,CURRENT,"English;Filipino;Spanish","Second mobile +639971648198. SPANISH speaker"
Alfredo Indefenso,aindefenso@yahoo.com,+639451158192,DOT-NCR-TGD-04208-2025,2027-06-30,CURRENT,"English;Filipino",
Carmencita P Bachiller,carmencitabachiller@gmail.com,+639981885989,DOT-NCR-TGD-04207-2026,2027-06-30,CURRENT,"English;Filipino","Accreditation number duplicates Benjamin Cometa Jr - verify"
Anne Uy-Julian,dsm.anneuy@gmail.com,09975013622,DOT-NCR-TGD-00455-2021,2026-06-30,EXPIRED,"English;Filipino","Co-founder Dont Skip Manila. BS Travel Mgmt. THE OUTFIT IS THE LEAD"
Froilan M Salaysay,froilansalaysay@gmail.com,09157732949,DOT-NCR-TGD-00344-2021,2026-06-30,EXPIRED,"English;Filipino","Adventure plus culture and heritage"
Andre Julian,tour.ajulian@gmail.com,09169165580,DOT-NCR-TGD-00416-2021,2026-06-30,EXPIRED,"English;Filipino",
Aileen Palola,aileenpalola@gmail.com,09672071905,DOT-NCR-TGD-01411-2022,2026-06-30,EXPIRED,"English;Filipino","First Aid for Tour Guides 2024. Cruise Tourism Workshop. Most trained on the list"
Arsen Quijano,sen.quijano06@gmail.com,09067660474,DOT-NCR-TGD-02216-2024,2025-06-30,EXPIRED,"English;Filipino",
Cholita Guia Ching Librodo,chinglibrodo03@gmail.com,09664860630,DOT-NCR-TGD-02499-2024,2026-06-30,EXPIRED,"English;Filipino;Capampangan",
Cedhie Tabalanza,cedtabalanza@gmail.com,09668244840,DOT-NCR-TGD-01188-2022,2026-06-30,EXPIRED,"English;Filipino","BA History, Polytechnic University of the Philippines"
Chit Mendoza,chirtmendoza162@gmail.com,09228577027,DOT-NCR-TGD-00376-2021,2026-06-30,EXPIRED,"English;Tagalog;some Bahasa","Second mobile 09195854187. MS Business Admin, BS HRM"
La Charmaine Saique,aimeepatricio@gmail.com,+639778305606,DOT-NCR-TGD-00535-2021,2024-06-30,EXPIRED,"English;Filipino",
Danielle Vicaldo,daniellevicaldo@gmail.com,09173046712,DOT-NCR-TGD-02491-2024,2025-06-30,EXPIRED,"English;Filipino;Bikolano",
Dennis Maristany,mabuhayguide.dennis@gmail.com,09228519974,DOT-NCR-TGD-00977-2021,2026-06-30,EXPIRED,"English;Filipino;Spanish","AB History UP CASM. SPANISH speaker"
Julius Magno,juliusgerard@yahoo.com,09178664137,DOT-NCR-TGD-00964-2021,2024-06-30,EXPIRED,"English;Filipino;Spanish","In his 60s, visited 15 countries. SPANISH speaker"
Doms Valencia,jun.valencia69@yahoo.com,,DOT-NCR-TGD-00932-2021,2024-06-30,EXPIRED,"English;Filipino","DATA ERROR on source page: it also shows Violeta Munoz email and mobile. Verify before use"
Christopher A Flores,,,,,NO_CONTACT_PUBLISHED,,"Profile page carries no contact block"
Beatrice Ann A Dolores,,,,,NO_CONTACT_PUBLISHED,,"Profile page carries no contact block"
Ronaldo Lampaz,ronaldolampaz@gmail.com,09123516059,DOT-NCR-TGD-00862-2021,2027-06-30,CURRENT,"English;Japanese","THE ONLY CURRENTLY ACCREDITED JAPANESE GUIDE IN THE DIRECTORY"
JB Quemado,jbnix814@gmail.com,09201118670,DOT-NCR-TGD-00525-2021,2027-06-30,CURRENT,"Filipino;English;Spanish","THE ONLY CURRENTLY ACCREDITED SPANISH GUIDE. BS Tourism UST. War memorial guide"
Frederick Go,frederick_teco@yahoo.com,09608746188,DOT-NCR-TGD-01334-2021,2026-06-30,EXPIRED,"English;Tagalog;Mandarin;Japanese;Bahasa Indonesia","FIVE LANGUAGES, most multilingual on the list. BS Computer Engineering. Worth chasing a renewal"
Rowena Bayangos,nonette887@yahoo.com,09189107931,DOT-NCR-TGD-00424-2021,2026-06-30,EXPIRED,"Japanese;English;Filipino;Ilocano","BSBA Accounting, University of the East"
Vangie Sevilla,baboosevilla@yahoo.com,09189021327,DOT-NCR-TGD-00341-2021,2023-06-30,EXPIRED,"Japanese;English;Filipino","BS Biology, College of the Holy Spirit. Lapsed three years"
Susan A Villarama,sansuvill@gmail.com,09199971364,DOT-NCR-TGD-0730-2023,2025-06-30,EXPIRED,"English;Japanese","First aid training, DOT seminar. SOURCE TYPO: page shows O730-2923"
Debbie Sison,debbie.iphone6s@gmail.com,09563620276,DOT-NCR-TGD-00630-2021,2024-06-30,EXPIRED,"English;Filipino;German","Second email sisondebbie2009@yahoo.com. BS Civil Eng FEU, MBA UST"
Jerome Relente,jarelente18@gmail.com,09484571990,DOT-NCR-TGD-02584-2024,2026-06-30,EXPIRED,"English;Filipino;German",
Sandy Clamor,sandyclamor022769@gmail.com,09424930247,DOT-NCR-TGD-00742-2021,2026-06-30,EXPIRED,"English;Filipino;Spanish",
Raymundo P Addun,raddun@gmail.com,09272971167,DOT-NCR-TGD-02218-2024,2025-06-30,EXPIRED,"English;Filipino;Spanish","DOT NCR Tour Guiding Training 2023"
